{"cameraMode":{"drawMode":0,"name":"Shaded","section":"Shading Mode"},"sceneLighting":true,"audioPlay":false,"sceneViewState":{"m_AlwaysRefresh":false,"showFog":true,"showSkybox":true,"showFlares":true,"showImageEffects":true,"showParticleSystems":true,"showVisualEffectGraphs":true,"m_FxEnabled":true},"in2DMode":false,"pivot":{"x":50.692623138427737,"y":-11.525186538696289,"z":-88.60584259033203},"rotation":{"x":-0.022534670308232309,"y":-0.9721688032150269,"z":0.10603897273540497,"w":-0.20812003314495088},"size":53.13861846923828,"orthographic":false}